Personal,Relacién,alumno/,,,,,,,,
Circulos,Matricula,docente,personal,docente,,,,,,
CURSOS,/,MUNICIPIOS,infantiles,inicial,frente,al,aula,frente,al,aula
2019-2020,49,5350,651,"8,2",,,,,,
2020-2021,49,5,357,725,74,,,,,
2021-2022,49,5,269,775,68,,,,,
2022-2023,49,5098,792,64,,,,,,
Bahia,Honda,2,319,61,"5,2",,,,,
Mariel,3,293,54,54,,,,,,
Guanajay,2,341,40,85,,,,,,
Caimito,7,354,74,48,,,,,,
Bauta,7,497,60,83,,,,,,
San,Antonio,de,los,Bafios,6,654,78,84,,
Giira,de,Melena,5,394,58,68,,,,
Alquizar,3,282,58,49,,,,,,
Artemisa,6,861,102,84,,,,,,
Candelaria,2,202,29,7.0,,,,,,
San,Cristobal,6,787,106,74,,,,,
