—,aa,oe,,,,,,,,,,,,
mon,wea,ae,,,,,,,,,,,,
=,SSS,,,,,,,,,,,,,
mo,sie,aapeas,,,,,,,,,,,,
—,cn,,,,,,,,,,,,,
too,oe,ete,,,,,,,,,,,,
!,En,escuelas,primarias.,,,,,,,,,,,
pa,eases,de,bmn,edn,Conger,,,,,,,,,
eS,,,,,,,,,,,,,,
1810,-,Matic,ini,por,ipo,de,educaion,"yon,",sgn,igen,eeu,cureo,202-2024,contin)
una,,,,,,,,,,,,,,
Peseta,er,,,,,,,,,,,,,
ne,ue),te,,,,,,,,,,,,
moe,om,ns,,,,,,,,,,,,
Ci,nae,som!,,,,,,,,,,,,
tenn,Pons,soo,ek,soar,,,,,,,,,,
paar,‘oom,ter,,,,,,,,,,,,
Gus,tee,oe,,,,,,,,,,,,
one,“ow,kame,,,,,,,,,,,,
econo,rns,,,,,,,,,,,,,
ena,Pena,reat,Sow,,,,,,,,,,,
cress,ren,woMe,te,ar,,,,,,,,,,
roman,de,Pen,Esa,Tn,Pos,eo,,,,,,,,
a,—ee,,,,,,,,,,,,,
stu,osecconenne,wel,ate,,,,,,,,,,,
