Circulos,infantiles,4962,4888,4867,4935,«4946,«=,4.995,,,,,
De,ello:,Prescolar,604,598,596-—,G1Z_ssi1Z_———s«OD,,,,,,,
Prescolar,en,escuela,Primaria,4401,4164,4237,«4222,«4161,~—-3799,,,,
Primaria,28246,28711,29266,29615,29561,28973,,,,,,,
Urbana,21405,21866,22365,22694,22669,22276,,,,,,,
Rural,6570,6583,6670,6754,6738,6697,,,,,,,
Escuela,de,Iniciacién,Deportiva,127,144,133,70,97,oe,,,,
Escuela,Vocacional,de,Arte,144,118,98,97,87,oe,,,,
Media,28610,27641,26418,25951,26073,24689,,,,,,,
Secundaria,basica,14746,14002,12999,12683,13319,13201,,,,,,
De,ello:,En,el,campo,1827,1724,«41577,«1475,«14951576,,,,
Escuela,de,Iniciacién,Deportiva,523.,519,438.482,490,oe,,,,,
Escuela,Vocacional,de,Arte,a,64,7,88,93,oe,,,,
Preuniversitario,5392,5304,5436,5138,4945,4247,,,,,,,
De,ello:,En,el,campo,287,300315,"302,280",255,,,,,
Ciencias,exactas,589,609.675,GTO,784,731,,,,,,,
Escuela,Superior,de,Perfeccionamiento,Atlético,2430247268,258260,oe,,,,,,
Técnica,y,profesional,7270,7140,6841,7011,6238,5930,,,,,
De,ello:,Técnico,medio,5171,5124,5220,5409,5555,5438,,,,
Oficios,774,ert,498,«652,117-492,,,,,,,,
Centros,Politécnicos,Otros,Organismos,1325,1345,1123,950566,:,,,,,
Formacién,Personal,Pedagégico,1008,«61105,"«1142,",«111915711311,,,,,,,
Curso,de,Lengua,"Espafiola,",Historia,de,Cuba,y,Matematicas,194-219,153,160,:,88
Adultos,7258,6904,6633,7126,5108,6660,,,,,,,
Educacién,obrero,campesina,299282254,131,93,134,,,,,,,
Secundaria,obrero,campesina,671,768,"843,929",28D.,,,,,,,
Facultad,obrero,campesina,5911,5455,5216,5474,4330,4981,,,,,
Idioma,377399.,320,592,613,,,,,,,,,
Especial,1600,1594,1641,1672,1650,1628,,,,,,,
Superior,8245,8170,9180,10555,8306,oe,,,,,,,
Ministerio,de,Educacién,Superior,5273,4721,5345,6458,8306,oe,,,,
Ministerio,de,Salud,Publica,2972,3449,3835,4097,we,we,,,,
