Prescolar,2310,2323,2019,2459,4335,«2147,,,,,,
Primaria,13571,13598,14175,14314,14393,14147,,,,,,
Urbana,10290,10518,10811,10959,11007,10857,,,,,,
Rural,3142,3151,3217,3240,3281,3290,,,,,,
Escuela,de,Iniciacién,Deportiva,82,87,67,40,30,oe,,,
Escuela,Vocacional,de,Arte,84,7,80,75,75,oe,,,
Media,14414,13812,13234,12830,13022,12141,,,,,,
Secundaria,basica,7270,6892,6360,6198,6400,6442,,,,,
De,ello:,En,el,campo,aes,=,"840742,",8970673,,,,
Escuela,de,Iniciacién,Deportiva,201,205,«183,183195,oe,,,,
Escuela,Vocacional,de,Arte,28,43,49,66,70,oe,,,
Preuniversitario,3431,3494,3465,3286,3091,2700,,,,,,
De,ello:,En,el,campo,179°,«204216218,=,2200S,182,,,
Ciencias,exactas,358,«=,366.,409.410,460451,,,,,,
Escuela,de,Iniciacién,Deportiva,75,89,98,110,80,oe,,,
‘Técnica,y,profesional,2792,2636,2654,2617,2429,2156,,,,
De,ello:,Técnico,medio,1894,1790,1844,1981,2050,2112,,,
Oficios,28,20,61,53,2,44,,,,,,
Centros,Politécnicos,Otros,Organismos,870,826749583358,-,,,,,,
Formacién,de,Personal,Pedagégico™,795,790,755,729°,1102,843,,,
Curso,de,Lengua,"Espafiola,",Historia,de,Cuba,y,Matematicas,126,104103114,:,40
Adultos,3270,3024,2730,3139,810,3081,,,,,,
Educacién,obrero,campesina,6,62,62,63,59,68,,,,
Secundaria,obrero,campesina,164,144148,168118187,,,,,,,
Facultad,obrero,campesina,2837,2586,2337,2569,383,2491,,,,
Idioma,208,"«©2382,",183-339,250,335,,,,,,,
Especial,533-515,536,539,546536.,,,,,,,,
Superior,5373,5192,5988,7042,5457,oe,,,,,,
Ministerio,de,Educacién,Superior,3403,2931,3318,4195,5457,oe,,,
Ministerio,de,Salud,Publica,1970,2261,2670,2847,we,we,,,
