Prescolar,©,8794,829,718,662,1151,,,
Primaria,(28,973,3028,2843,2058,3605,,,
Media,24.689,2.499,2110,1623,3.550,,,,
‘Secundaria,basica,13.201,1485,1229,1067,1551,,,
Preuniversitario,4247,435,338,279,523,,,,
‘Técnica,y,profesional,5.930,579,543,2m,1075,,
Formacién,de,Personal,,,,,,,
Pedagégico,1311,-,-,-,401,,,,
Curso,de,Lengua,"Espafiola,",,,,,,
Historia,de,Cuba,y,Matematica,88,we,we,a,a
Adultos,6,660,we,wo,a,a,,,
Especial,1628,95,233,100,274,,,,
Sancti,,,,,,,,,
CONCEPTO,Fomento,Trinida,Spiritus,La,Sierpe,,,,
Prescolar,©,575,1386,3199,274,,,,
Primaria,1731,5198,9218,1292,,,,,
Media,1463,3905,8675,864,,,,,
‘Secundaria,basica,845,2300,4190,534,,,,
Preuniversitario,289,612,1653,118,,,,,
‘Técnica,y,profesional,329,993,1922,212,,,
Formacién,de,Personal,Pedagégico”,-,-,910,-,,
Curso,de,Lengua,"Espafiola,",,,,,,
Historia,de,Cuba,y,Matematicas,we,we,oe,oe,
Especial,100,161,630,35,,,,,
