Prescolar,1151,153,89,01,137,,,
Primaria,3301,355,372,24,444,,,
Media,2552,308,243,148,342,,,
‘Secundaria,basica,1061,134,986,70,113,,
Preuniversitario,48,n,3t,36,60,,,
“Técnica,y,profesional,a3,102,116,2,119,
De,ello:,Ofcios,45,-,19,-,13,
Formacién,de,Personal,Pedagégico,100,-,-,-,50
Escuelas,de,Arte,.,:,.,-,.,
Escuelas,de,Deporte,.,:,.,-,.,
‘Aduitos,223,ar,2,16,57,,,
Especial,438,2,54,Ey,60,,,
JconcePTo,Fomento,Trinidad,Spiritus.,La,Siorpe,,,
Prescolar,108,203,321,39,,,,
Primaria,ar,873,07,129,,,,
Media,zr,402,810,n,,,,
‘Secundaria,basica,01,air,296,m4,,,
Preuniversitario,50,54,129,16,,,,
“Técnica,y,profesional,7,131,335,2,,
De,ello:,Ofcios,-,.,ry,.,,
Formacién,de,Personal,Pedagégico,-,-,50,.,
Escuelas,de,Arte,:,.,.,.,,
Escuelas,de,Deporte,:,.,.,.,,
Aduitos,18,28,2,6,,,,
Especial,26,29,202,4,,,,
