Total®,14627,14134,13845,10979,11921,,,,,,,,
Preescolar,y,Circulos,Infantiles,2919,2732,3036,774,2266,,,,,
Primaria,5410,5400,5349,5250,4860,,,,,,,,
Urbana,5198,5176,5169,5055,4639,,,,,,,,
Rural,177189,180195224,,,,,,,,,,,
Escuela,de,Iniciacién,Deportiva,-,-,-,-,373,,,,,
Escuela,Vocacional,de,Arte,3535,-,-,88,,,,,,
Media,5259,5064,4572,4239,4151,,,,,,,,
‘Secundaria,basica,2569,2479,2209,2314,2374,,,,,,,
De,ello:,En,el,campo,7,80,83,8,70,,,,
Escuela,de,Iniciacién,Deportiva,209207,-,-,185,,,,,,
Escuela,Vocacional,de,Arte,3535,-,-,3t,,,,,,
Preuniversitario,g04,938,«738678,,,,,,,,,,
De,ello:,En,el,campo,a,a,,,,,,,
Ciencias,exactas,139167),148126877,,,,,,,,,,
Escuela,Superior,de,Perfeccionamiento,Atlético,131,-,-,-,0,,,,
Escuela,Vocacional,de,Arte,-,-,-,-,0,,,,,
Técnica,y,profesional,1342,1124,1073,798,726,,,,,,
De,ello:,Técnico,medio,1164,©,804,975722718,,,,,,
Oficios,-,140,98,=,7676,,,,,,,,
Centros,Politécnicos,Otros,Organismos,178,-,:,-,-,,,,,
Formacién,Personal,Pedagégico,®,454,623,462449410,,,,,,,
Curso,de,Lengua,"Espafiola,",Historia,de,Cuba,y,Matematicas,6,-,:,-,-
Adultos,725,608,«593428346,,,,,,,,,,
‘Secundaria,obrero,campesina,16,13,2,BO,,,,,,,
Facultad,obrero,campesina,827,429449307260,,,,,,,,,
Idioma,182,166,«1159686.,,,,,,,,,,
Especial,308,322-205-288,298,,,,,,,,,,
Curso,Prep.Para,Ingreso,Educ.,Superior,-,8,-,-,,,,,
