Total,7160,7041,6822,5548,5871,,,,,,,,
Preescolar,y,Circulos,Infantiles,1369,1333,1445,389,1048,,,,,
Primaria,2682,2647,2941,2507,2350,,,,,,,,
Urbana,2559,2523,~,2404,2241,,,,,,,,
Rural,95,96,-,103,109,,,,,,,,
Escuela,de,Iniciacién,Deportiva,-,-,-,-,100,,,,,
Escuela,Vocacional,de,Arte,28,-,-,-,6,,,,,
Media,2623,2589,2031,2232,2161,,,,,,,,
‘Secundaria,basica,1237,1225,1183,1248,1239,,,,,,,
De,ello:,En,el,campo,373889,4,,,,,,,
Escuela,de,Iniciacin,Deportiva,-,6,-,-,44,,,,,
Escuela,Vocacional,de,Arte,2830,-,-,20,,,,,,
Preuniversitario,561,605469,"412,398",,,,,,,,,,
De,ello:,En,el,campo,st,30D,,,,,,,
Ciencias,exactas,o4,1030,8772,,,,,,,,,
Escuela,de,Iniciacién,Deportiva,36,-,-,-,°,,,,,
Técnica,y,profesional,536,428,«309-200,-a7t,,,,,,,
De,ello:,Técnico,medio,450,360,379,«274265,,,,,,
Oficios,-,7,2,16,2,,,,,,,,
Centros,Politécnicos,Otros,Organismos,86,-,-,-,-,,,,,
Formacién,de,Personal,Pedagégico”,289-331-206,282243,,,,,,,,
Curso,de,Lengua,"Espafiola,",Historia,de,Cuba,y,Matematicas,3,-,-,-,°
Adultos,379-367-300,315212,,,,,,,,,,,
Educacién,obrero,campesina,-,-,-,-,°,,,,,,
‘Secundaria,obrero,campesina,6,6,13,41,°,,,,,,
Facultad,obrero,campesina,255-239,«228-195,163,,,,,,,,
Idioma,118,1120259,10949,,,,,,,,,,
Especial,107,111105105110,,,,,,,,,,,
Curso,Prep.Para,Ingreso,Educ.,Superior,-,4,-,-,,,,,
