Primaria,-,-,-,-,5,-,,,
‘Urbana,-,-,-,-,-,-,,,
Media,4.497,3.706,3.742,4.175,3.766,2.971,,,
Secundaria,basica_,1.288,859,"903,",1.224,1.104,"885,",,
Preuniversitario,1.100,‘797,640,589,670,461,,,
Técnico,y,profesional,940,875,989,1.166,874,690,
De,ello:Técnico,medio,754,813,939,1.110,880,769,
Cursos,basicos,Saliid,Publica,-,-,-,-,9,8
Formacién,de,Personal,Pedagégico,1.169,1.175,1.210,1.196,1.073,840
Especial,274,241,(215,206,194,177,,,
‘Superior,2.010,(2.525,ee,1.824,1.528,670,,,
Ministerio,de,Educacién,Superior,949,935,ee,1.039,718,433
Ministerio,de,Educacién,-,-,-,-,-,-,
Ministerio,de,Salud,Publica,1.061,1.590,ee,‘785,810,670
