ICONCEPTO,Total,Manati,Puerto,Padre,©,Menéndez,—Majibacoa,,
Primaria,5.726,313,888,at,463,,,,
Urbana,3.936,168,626,150,210,,,,
Rural,1.790,145,262,291,253,,,,
Escuela,de,Iniciacién,Deportiva,24,os,os,a,a,
Escuela,Vocacional,de,Arte,a,os,os,a,a,
Media,9.369,496,1.597,654,709,,,,
‘Secundaria,Basica,4.923,297,808,399,454,,,
De,ello:,En,el,Campo,532,65,82,63,55
Escuela,de,Iniciacién,Deportiva,159,3,6,1,2,
Escuela,Vocacional,de,Arte,a,os,os,a,a,
Preuniversitario,1.489,69,27,119,123,,,,
De,ello:,En,el,Campo,274,69,37,42,25
Técnica,y,profesional,2.423,130,397,136,132,,
Escuela,de,Iniciacién,Deportiva,55,1,1,2,2,
Escuela,Vocacional,de,Arte,a,os,os,a,a,
Técnico,Medio,1.992,88,289,118,41,,,
Cursos,Basicos,Sauld,Publica,89,3,14,14,2,
Obrero,Calificado,375,29,94,4,19,,,
Formacién,de,personal,pedagégico,534,-,175,-,-,
Adultos,1.458,226,120,229,,,,,
Educacién,Obrero,Campesina,73,-,-,-,16,,
‘Secundaria,Obrero,Campesina,164,8,25,18,23,,
Facultad,Obrero,Campesina,766,42,156,73,47,,
Idiomas,455,3,45,29,73,,,,
Especial,192,12,23,9,7,,,,
‘Superior,4.017,1,28d,139,136,,,,
