Técnico,medio,a2,1.401,948,1.426,4.042,1.902,,,
"Geologia,",mineria,y,metalurgia,52,-,27,18,112,13,
Energética,-,131,80,107,227,87,,,,
Construccién,de,maquinarias,14,118,103,125,307,125,,
Industrias,"azucarera,",quimica,y,alimenticia,-,-,9,107,-,26
"Electronica,",automatizacién,y,comunicacione,-,-,-,78,106,13,
Transporte,20,67,74,83,153,112,,,,
Construccién,28,83,100,103,476,251,,,,
Produccién,agropecuaria,94,170,81,170,833,331,,,
Economia,131,229,158,471,492,259,,,,
Salud,publica,-,75,oe,168,93,oe,,,
Otras,73,228,316,296,1.243,685,,,,
Obrero,calificado,1.593,1.605,556,347,239,375,,,
Energética,133,46,14,oe,oe,,,,,
Transporte,59,114,7,60,23,29,,,,
Construccién,168,153,82,69,a,a,,,,
Produccién,agropecuaria,202,56,30,"1""",36,86,,,
tras”,1.031,1.219,321,193,139,200,,,,
