Cree,hee,cc,aun,seat,ase,see,
slo,renee,oto,otal,uae,sa,,
poaben,S,,,,,,
ad,see,asm,sea,am,zeke,,
ne,foe,sae,sot,sae,onset,ae,
=,Ror,nue,mea,ars,aoe,sow,
cenanae,tne,ee,eS,,,,
cunwocmin,Soe,,,,,,
oe,nang,eid,sian,sash,seo),mes,
a,Ses,tae,wee,‘one,“ua,nae,
cn,ncaa,SS,bh,2S,,,
connec,(So,,,,,,
sa,rel,euut,ene,saan,soo),asso,
oe,tnaense,‘eas,ts,tom,ay,ae,
Cue,tele,we,ean,aah,,,
cea,nance,eee,,,,,
en,Stata,aew,cane,ease,,,
con,a,ae,eS,,,,
CO,sacs,ein,ce,,,,
OSes,ee,,,,,,
coef,ons,raion,ew,,,,
conn,cna,3,8,,,,
sons,anne,aed,ane,au,aa,uas),nes
Caer,awe,yen,see,tee,ase,ye,
se,sen,uae,sama,sete,,,
in,si,cng,eee,noe,ae,,
Senaieennieni,jon,ae,,,,,
ania,ais,an,ams,anata,aae,,
=,cs,aay,tase,moans,,,
cone,het,ee,,,,,
vod,ain,ie,coe,tae,Sow,tener,
weed,esate,sem,ct,swor,asa),ase,
aaeencceoere,cametiee,yracea,ne,ART,ae,,
