a,ais,,,,,,,,
Primaria,135,135,135,135,cee,,,,
Urbana,76,76,76,76,ee,,,,
Media,63,63,63,63,eee,,,,
Secundaria,basica,26,26,26,26,cee,,,
Preuniversitario,12,12,12,12,ee,,,,
Ciencias,exactas,41,1,41,1,ee,,,
Formacién,Emergente,de,Maestros,2,2,2,2,ee,
Técnica,y,profesional,23,23,23,23,cee,,
De,ello:,Escuelas,de,oficios,7,7,7,7,ee
Escuelas,de,Arte,-,-,-,-,ee,,
Escuelas,de,Deporte,-,-,-,-,_,,
Adultos,19,19,18,18,cee,,,,
Educacién,Obrero,Campesina,3,3,41,1,ee,,
‘Secundaria,obrero,campesina,41,1,41,1,ee,,
Facultad,Obrero,Campesina,12,12,12,14,ee,,
Idiomas,3,3,4,2,ee,,,,
Especial,14,14,14,14,ee,,,,
