Connon,a,,,,,,,,,
—,omens,36608,,,,,,,,
maa,moe,ses,meet,tae,,,,,,
fl,fee,3a,Saat,,,,,,,
Canine,ncn,Depa,:,:,"""",‘,,,,
vata,‘00d,moos,857),moar,,,,,,
Secinaia,bs,fooe,com,tooee,oa,,,,,
asso,cacti,Depstva,:,:,:,:,,,,
Caen,veewioal,ee,:,:,:,:,,,,
revere,vou,ama,a0,,,,,,,
Seat,eneteange,:,:,:,°,,,,,
Goran,ects,Sass,owe,,,,,,,
Care,SSE,ve,ereosoamina,:,°,°,°,,,
sto,,,,,,,,,,
esi,Vocal,Ate,:,:,:,:,,,,
roca,cnet,(etn,Som,rT,,,,,,
Teeny,pea,so,5),,,,,,,
Desoto,ned,:,rn,,,,,,,
os,ste,et,Aer,:,:,:,°,,,
asc,antes,Paine,(ise,525,4at9,seo,707,,,
a,:,:,aon,:,,,,,,
crcocae,Otecs,wom,Per,,,,,,,
curso,de,ae,pts,soi,de,Cty,f,‘,°,°
Pen,,,,,,,,,,
ve,sos,4mm,,,,,,,,
einai,che,campeina,tye,taa6,5,Se,,,,
Scomdaraobeocames,me,ase,tae,,,,,,,
Facade,capa,ase,ayaa,,,,,,,
toons,oa,‘as,,,,,,,,
ins,dl,tr,Ar,:,:,°,°,,,
Somer,coe,as,ona,°,,,,,,
Vento,de,Caan,Sper,ows,35a,:,,,,
Meer,ecole,"Dae,",Ean,Fina,:,:,:,:,,
ete,,,,,,,,,,
