Caste,toe,ne,,,,,,,
Promane,cover,cece,eea50,ogare,ovat,sesos,,,
wa,geore,sieos,24go1,23305,22629.,2108,,,
wo,Geiss,cas,Gry,Geant,sort,store,,,
Secunar,bsca,Sao,20082,Govoe,S72,67,1,Q00,
Gore,atas,fom,tose,tise,tau,oor,ag,,
Stee,See,ceo,tae,“tear,ana,os,,,
Gentes,Potécios,ts,Oxansnos,1889,”,*,,,
Formacién,Personal,Pedagégico,®),2121,2400,2747,2702,2259,«1710
nae,tit,oie,gear,Guat,80g,008,,,
Tueacén,ober,campesna,os,es,,,,,
Surundans,obs,canoasna,Se,1100,at,aaa,aar,,
stad,cher,connect,som,Sar,sito,aaa?,are,96rs,
cans,mepastoo,para,ingeso,ala,educacin,superor,2,vs,a8
Cone,rganismos,Formadores,gant,30a,398,,,,
