os,Se,,,,,,,,
estas,wots,ns,,,,,,,
Prana,aaono,soso,e213,aro,2oga0,287,,,
woo,Zosee,soeso,022,aise,ares,avers,,,
oslo,Eneleanpo,far,“tam,‘aor,“aa,“tee,454,,
Preswarstars,yoo,yao,Tea,7168,eae,bara,,,
Conn,aces,cio,‘ees,leat,err,ser,ato,,
Terie,poeneral,seco,s7r,720,Seay,aot,9008,,
Sacce,7,wt,,,,,,,
Contos,Poltécicos,Otos,Orgeriemos,wo.,,,,,
Formacién,de,Personal,Pedagégico”,1475,1606,1820,1810,1548,1191
autos,ges,3008,378,asm,aaa,Dees,,,
Ttcacn,bere,campesina,wo,wm,,,,,
Sovundaa,cutsoconpena,ius,20!,tate,,,,,
acl!,sre,compen,aes,aoa,2001,212,2507,218,
‘aoe,fe,eeu,oa,Me,gS,,,,
cures,porto,para,ines,a,educacén,super,te,,
tee,Organismos,Fomaderes,ito,108,1808,,,,
